Jun 12 2025,22:51:46,Add client,172233674
Jun 12 2025,22:51:46,Add client,759580270
Jun 12 2025,22:53:15,Add client,914590206
Jun 12 2025,22:53:15,Add client,285060795
Jun 12 2025,22:53:15,Add client,970432533
Jun 12 2025,22:53:15,View clients,-
Jun 12 2025,23:16:18,Add appointment,844822999
Jun 12 2025,23:19:59,Add appointment,965356343
Jun 12 2025,23:19:59,Add appointment,376556950
Jun 12 2025,23:19:59,Add appointment,288030418
Jun 12 2025,23:19:59,Add appointment,414568238
Jun 12 2025,23:19:59,View appointments,-
Jun 12 2025,23:23:50,Add contract,995640807
Jun 12 2025,23:23:50,Add contract,505979619
Jun 12 2025,23:23:50,Add contract,412976863
Jun 12 2025,23:38:54,Add contract,174061801
Jun 12 2025,23:44:40,Add contract,925818904
Jun 12 2025,23:44:40,View contracts,-
